--
-- PostgreSQL database dump
--

-- Dumped from database version 9.5.8
-- Dumped by pg_dump version 9.5.8

SET statement_timeout = 0;
SET lock_timeout = 0;
SET client_encoding = 'UTF8';
SET standard_conforming_strings = on;
SET check_function_bodies = false;
SET client_min_messages = warning;
SET row_security = off;

--
-- Name: plpgsql; Type: EXTENSION; Schema: -; Owner: 
--

CREATE EXTENSION IF NOT EXISTS plpgsql WITH SCHEMA pg_catalog;


--
-- Name: EXTENSION plpgsql; Type: COMMENT; Schema: -; Owner: 
--

COMMENT ON EXTENSION plpgsql IS 'PL/pgSQL procedural language';


SET search_path = public, pg_catalog;

SET default_tablespace = '';

SET default_with_oids = false;

--
-- Name: makers; Type: TABLE; Schema: public; Owner: postgres
--

CREATE TABLE makers (
    id integer NOT NULL,
    name character varying(50) NOT NULL
);


ALTER TABLE makers OWNER TO postgres;

--
-- Name: orders; Type: TABLE; Schema: public; Owner: postgres
--

CREATE TABLE orders (
    id integer NOT NULL,
    maker_id integer NOT NULL,
    ordered date NOT NULL
);


ALTER TABLE orders OWNER TO postgres;

--
-- Name: sample21; Type: TABLE; Schema: public; Owner: postgres
--

CREATE TABLE sample21 (
    no integer,
    name character varying(20),
    age integer
);


ALTER TABLE sample21 OWNER TO postgres;

--
-- Name: sample24; Type: TABLE; Schema: public; Owner: postgres
--

CREATE TABLE sample24 (
    no integer,
    a integer,
    b integer,
    c integer
);


ALTER TABLE sample24 OWNER TO postgres;

--
-- Name: sample311; Type: TABLE; Schema: public; Owner: postgres
--

CREATE TABLE sample311 (
    a character varying(2) DEFAULT NULL::character varying,
    b smallint
);


ALTER TABLE sample311 OWNER TO postgres;

--
-- Name: sample32; Type: TABLE; Schema: public; Owner: postgres
--

CREATE TABLE sample32 (
    a smallint,
    b smallint
);


ALTER TABLE sample32 OWNER TO postgres;

--
-- Name: sample34; Type: TABLE; Schema: public; Owner: postgres
--

CREATE TABLE sample34 (
    no smallint,
    price integer,
    quantity integer
);


ALTER TABLE sample34 OWNER TO postgres;

--
-- Name: sample41; Type: TABLE; Schema: public; Owner: postgres
--

CREATE TABLE sample41 (
    no integer DEFAULT 0 NOT NULL,
    a character varying(30) DEFAULT NULL::character varying,
    b date
);


ALTER TABLE sample41 OWNER TO postgres;

--
-- Name: sample51; Type: TABLE; Schema: public; Owner: postgres
--

CREATE TABLE sample51 (
    no integer,
    name character varying(20),
    quantity integer
);


ALTER TABLE sample51 OWNER TO postgres;

--
-- Data for Name: makers; Type: TABLE DATA; Schema: public; Owner: postgres
--

COPY makers (id, name) FROM stdin;
1	AMD
2	INTEL
3	NVIDIA
\.


--
-- Data for Name: orders; Type: TABLE DATA; Schema: public; Owner: postgres
--

COPY orders (id, maker_id, ordered) FROM stdin;
1	1	2017-10-01
2	3	2017-10-01
3	1	2017-10-01
4	3	2017-10-02
5	1	2017-10-03
\.


--
-- Data for Name: sample21; Type: TABLE DATA; Schema: public; Owner: postgres
--

COPY sample21 (no, name, age) FROM stdin;
1	김영희	20
2	박철수	30
3	홍길동	40
4	이순신	\N
\.


--
-- Data for Name: sample24; Type: TABLE DATA; Schema: public; Owner: postgres
--

COPY sample24 (no, a, b, c) FROM stdin;
1	1	0	0
2	0	1	0
3	0	0	1
4	2	2	0
5	0	2	2
\.


--
-- Data for Name: sample311; Type: TABLE DATA; Schema: public; Owner: postgres
--

COPY sample311 (a, b) FROM stdin;
1	1
2	2
10	10
11	10
\.


--
-- Data for Name: sample32; Type: TABLE DATA; Schema: public; Owner: postgres
--

COPY sample32 (a, b) FROM stdin;
1	1
2	1
1	3
1	2
2	2
\.


--
-- Data for Name: sample34; Type: TABLE DATA; Schema: public; Owner: postgres
--

COPY sample34 (no, price, quantity) FROM stdin;
1	100	10
2	200	20
3	2000	1
\.


--
-- Data for Name: sample41; Type: TABLE DATA; Schema: public; Owner: postgres
--

COPY sample41 (no, a, b) FROM stdin;
1	abc	2017-10-01
11	김영희	2017-10-01
12	박철수	2017-10-01
13	홍길동	2017-10-01
14	이순신	2017-10-01
3	def2	2017-10-01
7	ghi6	\N
\.


--
-- Data for Name: sample51; Type: TABLE DATA; Schema: public; Owner: postgres
--

COPY sample51 (no, name, quantity) FROM stdin;
1	A	1
2	A	2
3	B	10
4	C	3
5	\N	\N
6	D	3
\.


--
-- Name: public; Type: ACL; Schema: -; Owner: postgres
--

REVOKE ALL ON SCHEMA public FROM PUBLIC;
REVOKE ALL ON SCHEMA public FROM postgres;
GRANT ALL ON SCHEMA public TO postgres;
GRANT ALL ON SCHEMA public TO PUBLIC;


--
-- PostgreSQL database dump complete
--

